[
  {
    "id": "a4fe95a4-dd1f-4e1c-8537-14e8bba4a842",
    "data": [
      {
        "text": "5",
        "meta": "@sys.number",
        "alias": "number",
        "userDefined": true
      },
      {
        "text": " ",
        "userDefined": false
      },
      {
        "text": "st",
        "meta": "@sys.street-address",
        "alias": "street-address",
        "userDefined": true
      }
    ],
    "isTemplate": false,
    "count": 0,
    "lang": "en",
    "updated": 0
  },
  {
    "id": "42681278-0d5a-498b-9594-28d1b9ae51a7",
    "data": [
      {
        "text": "4",
        "meta": "@sys.number",
        "alias": "number",
        "userDefined": true
      },
      {
        "text": " ",
        "userDefined": false
      },
      {
        "text": "street",
        "meta": "@sys.street-address",
        "alias": "street-address",
        "userDefined": true
      }
    ],
    "isTemplate": false,
    "count": 0,
    "lang": "en",
    "updated": 0
  },
  {
    "id": "84f13c68-6ca2-4a9c-87fa-612cb4509ca6",
    "data": [
      {
        "text": "my address is ",
        "userDefined": false
      },
      {
        "text": "3",
        "meta": "@sys.number",
        "alias": "number",
        "userDefined": true
      },
      {
        "text": " hassan ",
        "userDefined": false
      },
      {
        "text": "st",
        "meta": "@sys.street-address",
        "alias": "street-address",
        "userDefined": true
      }
    ],
    "isTemplate": false,
    "count": 0,
    "lang": "en",
    "updated": 0
  },
  {
    "id": "9adc5383-4c9b-4389-9a93-15376a216954",
    "data": [
      {
        "text": "my address is ",
        "userDefined": false
      },
      {
        "text": "3",
        "meta": "@sys.number",
        "alias": "number",
        "userDefined": false
      },
      {
        "text": " hassan ",
        "userDefined": false
      },
      {
        "text": "street",
        "meta": "@sys.street-address",
        "alias": "street-address",
        "userDefined": true
      }
    ],
    "isTemplate": false,
    "count": 0,
    "lang": "en",
    "updated": 0
  },
  {
    "id": "8ff8eeb5-5568-4f21-991c-2b1a8588d09d",
    "data": [
      {
        "text": "40",
        "meta": "@sys.number",
        "alias": "number",
        "userDefined": true
      },
      {
        "text": " omar ",
        "userDefined": false
      },
      {
        "text": "street",
        "meta": "@sys.street-address",
        "alias": "street-address",
        "userDefined": true
      }
    ],
    "isTemplate": false,
    "count": 0,
    "lang": "en",
    "updated": 0
  },
  {
    "id": "91dd4ad6-bda4-4f81-9e25-288090a6879b",
    "data": [
      {
        "text": "12",
        "meta": "@sys.number",
        "alias": "number",
        "userDefined": true
      },
      {
        "text": " - elborg ",
        "userDefined": false
      },
      {
        "text": "st",
        "meta": "@sys.street-address",
        "alias": "street-address",
        "userDefined": true
      }
    ],
    "isTemplate": false,
    "count": 0,
    "lang": "en",
    "updated": 0
  },
  {
    "id": "332d2216-0668-4b3d-a7f2-b41e70380fde",
    "data": [
      {
        "text": "3",
        "meta": "@sys.number",
        "alias": "number",
        "userDefined": true
      },
      {
        "text": " hassan ",
        "userDefined": false
      },
      {
        "text": "street",
        "meta": "@sys.street-address",
        "alias": "street-address",
        "userDefined": true
      }
    ],
    "isTemplate": false,
    "count": 0,
    "lang": "en",
    "updated": 0
  }
]