[
  {
    "id": "a618a549-2447-44fb-b77c-d0ba2fa5e2d6",
    "data": [
      {
        "text": "my number is ",
        "userDefined": false
      },
      {
        "text": "01554275895",
        "meta": "@sys.phone-number",
        "alias": "phone-number",
        "userDefined": false
      }
    ],
    "isTemplate": false,
    "count": 0,
    "lang": "en",
    "updated": 0
  },
  {
    "id": "5f375a78-260b-425e-81fc-187585910403",
    "data": [
      {
        "text": "0109380866",
        "meta": "@sys.number",
        "alias": "number",
        "userDefined": false
      }
    ],
    "isTemplate": false,
    "count": 0,
    "lang": "en",
    "updated": 0
  },
  {
    "id": "b7191007-f202-46b3-ae29-d370f620c4bc",
    "data": [
      {
        "text": "my phone number is ",
        "userDefined": false
      },
      {
        "text": "01093808655",
        "meta": "@sys.phone-number",
        "alias": "phone-number",
        "userDefined": true
      }
    ],
    "isTemplate": false,
    "count": 0,
    "lang": "en",
    "updated": 0
  }
]