[
  {
    "id": "c5a0abea-3789-4d91-8bb4-d38ba5f67ee0",
    "data": [
      {
        "text": "xlarge",
        "meta": "@IceCream_Size",
        "alias": "IceCream_Size",
        "userDefined": true
      }
    ],
    "isTemplate": false,
    "count": 1,
    "lang": "en",
    "updated": 0
  },
  {
    "id": "a0aba480-d01c-45be-884e-428c4d571e86",
    "data": [
      {
        "text": "my ice cream is ",
        "userDefined": false
      },
      {
        "text": "medium",
        "meta": "@IceCream_Size",
        "alias": "IceCream_Size",
        "userDefined": false
      }
    ],
    "isTemplate": false,
    "count": 0,
    "lang": "en",
    "updated": 0
  },
  {
    "id": "d4ea3b7e-7bb9-4906-9f0d-3baa4019e303",
    "data": [
      {
        "text": "i need ",
        "userDefined": false
      },
      {
        "text": "large",
        "meta": "@IceCream_Size",
        "alias": "IceCream_Size",
        "userDefined": false
      }
    ],
    "isTemplate": false,
    "count": 0,
    "lang": "en",
    "updated": 0
  },
  {
    "id": "a2af2fa9-34f5-4dba-a5c5-3ef1f1d1566a",
    "data": [
      {
        "text": "I want ",
        "userDefined": false
      },
      {
        "text": "Medium",
        "meta": "@IceCream_Size",
        "alias": "IceCream_Size",
        "userDefined": true
      }
    ],
    "isTemplate": false,
    "count": 0,
    "lang": "en",
    "updated": 0
  },
  {
    "id": "886a5c3c-1cbe-405d-bee8-8130163b45db",
    "data": [
      {
        "text": "X-Large",
        "meta": "@IceCream_Size",
        "alias": "IceCream_Size",
        "userDefined": false
      }
    ],
    "isTemplate": false,
    "count": 0,
    "lang": "en",
    "updated": 0
  },
  {
    "id": "d5cc941e-8e3c-4c51-9de3-56c03424df6e",
    "data": [
      {
        "text": "I want the size to be ",
        "userDefined": false
      },
      {
        "text": "Large",
        "meta": "@IceCream_Size",
        "alias": "IceCream_Size",
        "userDefined": true
      }
    ],
    "isTemplate": false,
    "count": 0,
    "lang": "en",
    "updated": 0
  },
  {
    "id": "66e61433-4269-4ae4-b1d3-08d373d6feb9",
    "data": [
      {
        "text": "Please, give me ",
        "userDefined": false
      },
      {
        "text": "medium",
        "meta": "@IceCream_Size",
        "alias": "IceCream_Size",
        "userDefined": true
      }
    ],
    "isTemplate": false,
    "count": 0,
    "lang": "en",
    "updated": 0
  }
]