[
  {
    "id": "006ecec2-8c76-4f4c-b97a-d012882950e8",
    "data": [
      {
        "text": "ice cream",
        "userDefined": false
      }
    ],
    "isTemplate": false,
    "count": 0,
    "lang": "en",
    "updated": 0
  },
  {
    "id": "e76a27b7-bbe0-4ed9-a10b-7d08d02122ac",
    "data": [
      {
        "text": "takeaway",
        "userDefined": false
      }
    ],
    "isTemplate": false,
    "count": 0,
    "lang": "en",
    "updated": 0
  },
  {
    "id": "de92a41a-09e7-453a-84fc-971d167a3474",
    "data": [
      {
        "text": "take a way",
        "userDefined": false
      }
    ],
    "isTemplate": false,
    "count": 0,
    "lang": "en",
    "updated": 0
  },
  {
    "id": "bf9fefa0-79e6-4b94-8538-5f202b8c34e1",
    "data": [
      {
        "text": "i want to make an order",
        "userDefined": false
      }
    ],
    "isTemplate": false,
    "count": 0,
    "lang": "en",
    "updated": 0
  },
  {
    "id": "4ab94646-d3f4-45b7-bc52-49dbc088cc08",
    "data": [
      {
        "text": "I want to eat ice cream",
        "userDefined": false
      }
    ],
    "isTemplate": false,
    "count": 0,
    "lang": "en",
    "updated": 0
  },
  {
    "id": "a29eab61-ccd7-49df-a975-1cb74746dc16",
    "data": [
      {
        "text": "I want to order an ice cream",
        "userDefined": false
      }
    ],
    "isTemplate": false,
    "count": 0,
    "lang": "en",
    "updated": 0
  },
  {
    "id": "f07a9253-003c-489e-928b-f2fc79f44e2a",
    "data": [
      {
        "text": "I\u0027m interested in getting ice cream.",
        "userDefined": false
      }
    ],
    "isTemplate": false,
    "count": 0,
    "lang": "en",
    "updated": 0
  },
  {
    "id": "60da495f-49d9-47e5-9e47-e6438b80683b",
    "data": [
      {
        "text": "I need ice cream.",
        "userDefined": false
      }
    ],
    "isTemplate": false,
    "count": 0,
    "lang": "en",
    "updated": 0
  },
  {
    "id": "b6930550-392e-4c6c-96bf-e8a7aa943bf6",
    "data": [
      {
        "text": "Can I buy an Ice cream?",
        "userDefined": false
      }
    ],
    "isTemplate": false,
    "count": 0,
    "lang": "en",
    "updated": 0
  }
]