[
  {
    "id": "803266aa-0132-48ed-bd7d-a4dc9db9e1af",
    "data": [
      {
        "text": "no suger",
        "meta": "@IceCream_Type",
        "alias": "IceCream_Type",
        "userDefined": true
      }
    ],
    "isTemplate": false,
    "count": 0,
    "lang": "en",
    "updated": 0
  },
  {
    "id": "7f73fa75-8aca-4f59-a0e0-1920c2e63575",
    "data": [
      {
        "text": "Gluten",
        "meta": "@IceCream_Type",
        "alias": "IceCream_Type",
        "userDefined": true
      },
      {
        "text": "-Free Ice Creams",
        "userDefined": false
      }
    ],
    "isTemplate": false,
    "count": 0,
    "lang": "en",
    "updated": 0
  },
  {
    "id": "0ee2b1d2-9d69-4f67-aeb0-3b75ee3735d1",
    "data": [
      {
        "text": "Lactose",
        "meta": "@IceCream_Type",
        "alias": "IceCream_Type",
        "userDefined": true
      },
      {
        "text": "-Free Ice Creams",
        "userDefined": false
      }
    ],
    "isTemplate": false,
    "count": 0,
    "lang": "en",
    "updated": 0
  },
  {
    "id": "02be1fb3-9ac7-482f-b3f3-0a528d95f817",
    "data": [
      {
        "text": "i need ",
        "userDefined": false
      },
      {
        "text": "Soft",
        "meta": "@IceCream_Type",
        "alias": "IceCream_Type",
        "userDefined": true
      },
      {
        "text": " Ice Creams",
        "userDefined": false
      }
    ],
    "isTemplate": false,
    "count": 0,
    "lang": "en",
    "updated": 0
  },
  {
    "id": "d6a8d0e4-d15e-4f99-8daf-b2d605a09779",
    "data": [
      {
        "text": "No Sugar",
        "meta": "@IceCream_Type",
        "alias": "IceCream_Type",
        "userDefined": true
      },
      {
        "text": " Ice Cream",
        "userDefined": false
      }
    ],
    "isTemplate": false,
    "count": 0,
    "lang": "en",
    "updated": 0
  },
  {
    "id": "47de46ee-26d9-4f8f-be13-d2ef2c6f84b0",
    "data": [
      {
        "text": "Organic",
        "meta": "@IceCream_Type",
        "alias": "IceCream_Type",
        "userDefined": true
      }
    ],
    "isTemplate": false,
    "count": 0,
    "lang": "en",
    "updated": 0
  },
  {
    "id": "f02800d2-eccb-4781-8268-cd9356d16000",
    "data": [
      {
        "text": "Light",
        "meta": "@IceCream_Type",
        "alias": "IceCream_Type",
        "userDefined": true
      },
      {
        "text": " Ice Creams",
        "userDefined": false
      }
    ],
    "isTemplate": false,
    "count": 0,
    "lang": "en",
    "updated": 0
  },
  {
    "id": "47b4e8dd-a7d5-458e-97b8-7f1953577151",
    "data": [
      {
        "text": "French",
        "meta": "@IceCream_Type",
        "alias": "IceCream_Type",
        "userDefined": true
      },
      {
        "text": " Ice Creams",
        "userDefined": false
      }
    ],
    "isTemplate": false,
    "count": 0,
    "lang": "en",
    "updated": 0
  },
  {
    "id": "2a760da7-6fbc-41b4-9b87-02f2034b06af",
    "data": [
      {
        "text": "i want ",
        "userDefined": false
      },
      {
        "text": "Hard",
        "meta": "@IceCream_Type",
        "alias": "IceCream_Type",
        "userDefined": true
      }
    ],
    "isTemplate": false,
    "count": 0,
    "lang": "en",
    "updated": 0
  }
]