[
  {
    "id": "720b45ea-8c06-49b8-9334-a27d9a5e2ea9",
    "data": [
      {
        "text": "Gum",
        "meta": "@IceCream_Flavor",
        "alias": "IceCream_Flavor",
        "userDefined": true
      }
    ],
    "isTemplate": false,
    "count": 0,
    "lang": "en",
    "updated": 0
  },
  {
    "id": "fa951809-5ba0-4212-a013-7ca21d7fd523",
    "data": [
      {
        "text": "Bubble",
        "meta": "@IceCream_Flavor",
        "alias": "IceCream_Flavor",
        "userDefined": true
      }
    ],
    "isTemplate": false,
    "count": 0,
    "lang": "en",
    "updated": 0
  },
  {
    "id": "8a5a26c6-faf2-4c2c-82cc-9ccf8b259c04",
    "data": [
      {
        "text": "Mint",
        "meta": "@IceCream_Flavor",
        "alias": "IceCream_Flavor",
        "userDefined": true
      }
    ],
    "isTemplate": false,
    "count": 0,
    "lang": "en",
    "updated": 0
  },
  {
    "id": "a281386c-3dd7-4c22-92e5-543ec00b9168",
    "data": [
      {
        "text": "Cookies",
        "meta": "@IceCream_Flavor",
        "alias": "IceCream_Flavor",
        "userDefined": true
      }
    ],
    "isTemplate": false,
    "count": 0,
    "lang": "en",
    "updated": 0
  },
  {
    "id": "b77a43d2-0dd0-4bc7-af91-43ae0ccdd4cc",
    "data": [
      {
        "text": "caramel",
        "meta": "@IceCream_Flavor",
        "alias": "IceCream_Flavor",
        "userDefined": false
      },
      {
        "text": " please",
        "userDefined": false
      }
    ],
    "isTemplate": false,
    "count": 0,
    "lang": "en",
    "updated": 0
  },
  {
    "id": "6e848cea-863b-45c3-8ff2-be365fe8be27",
    "data": [
      {
        "text": "i need ",
        "userDefined": false
      },
      {
        "text": "chocolate",
        "meta": "@IceCream_Flavor",
        "alias": "IceCream_Flavor",
        "userDefined": false
      }
    ],
    "isTemplate": false,
    "count": 0,
    "lang": "en",
    "updated": 0
  },
  {
    "id": "52ab43be-df51-407a-a77a-1cd11fbdb7f6",
    "data": [
      {
        "text": "i want the flavor ",
        "userDefined": false
      },
      {
        "text": "coffee",
        "meta": "@IceCream_Flavor",
        "alias": "IceCream_Flavor",
        "userDefined": false
      }
    ],
    "isTemplate": false,
    "count": 0,
    "lang": "en",
    "updated": 0
  },
  {
    "id": "02247e97-3590-4e31-ac1e-12156d200398",
    "data": [
      {
        "text": "Peppermint",
        "meta": "@IceCream_Flavor",
        "alias": "IceCream_Flavor",
        "userDefined": false
      }
    ],
    "isTemplate": false,
    "count": 0,
    "lang": "en",
    "updated": 0
  },
  {
    "id": "613168d3-b429-427c-b7c7-b01e7a452d67",
    "data": [
      {
        "text": "Lemon",
        "meta": "@IceCream_Flavor",
        "alias": "IceCream_Flavor",
        "userDefined": false
      },
      {
        "text": " Ice ",
        "userDefined": false
      },
      {
        "text": "Cream",
        "userDefined": false
      }
    ],
    "isTemplate": false,
    "count": 0,
    "lang": "en",
    "updated": 0
  },
  {
    "id": "a057ed67-d8ef-44a1-ba91-c84657bf18b8",
    "data": [
      {
        "text": "chocolate",
        "meta": "@IceCream_Flavor",
        "alias": "IceCream_Flavor",
        "userDefined": false
      }
    ],
    "isTemplate": false,
    "count": 0,
    "lang": "en",
    "updated": 0
  },
  {
    "id": "4f36c76a-d488-41a7-bbdf-f31502e6321f",
    "data": [
      {
        "text": "Strawberry",
        "meta": "@IceCream_Flavor",
        "alias": "IceCream_Flavor",
        "userDefined": false
      }
    ],
    "isTemplate": false,
    "count": 0,
    "lang": "en",
    "updated": 0
  },
  {
    "id": "6d5899d9-c40c-4aaf-9c38-dbf5f9da95c7",
    "data": [
      {
        "text": "Mint and Lemon",
        "meta": "@IceCream_Flavor",
        "alias": "IceCream_Flavor",
        "userDefined": true
      }
    ],
    "isTemplate": false,
    "count": 0,
    "lang": "en",
    "updated": 0
  },
  {
    "id": "d4baeb0a-624c-4776-9b43-b4fcb1dab2ed",
    "data": [
      {
        "text": "Cookies and Cream",
        "meta": "@IceCream_Flavor",
        "alias": "IceCream_Flavor",
        "userDefined": false
      }
    ],
    "isTemplate": false,
    "count": 0,
    "lang": "en",
    "updated": 0
  },
  {
    "id": "41cf0aa1-bc84-4b88-a156-eddc84d265b2",
    "data": [
      {
        "text": "Bubble Gum",
        "meta": "@IceCream_Flavor",
        "alias": "IceCream_Flavor",
        "userDefined": false
      },
      {
        "text": " ice cream",
        "userDefined": false
      }
    ],
    "isTemplate": false,
    "count": 0,
    "lang": "en",
    "updated": 0
  },
  {
    "id": "aa9f8809-7834-4af6-b4fc-4fa4ec411798",
    "data": [
      {
        "text": "Caramel",
        "meta": "@IceCream_Flavor",
        "alias": "IceCream_Flavor",
        "userDefined": false
      }
    ],
    "isTemplate": false,
    "count": 0,
    "lang": "en",
    "updated": 0
  },
  {
    "id": "ef0eca02-5837-4ef1-af8e-b151be7f8110",
    "data": [
      {
        "text": "Coffee",
        "meta": "@IceCream_Flavor",
        "alias": "IceCream_Flavor",
        "userDefined": false
      }
    ],
    "isTemplate": false,
    "count": 0,
    "lang": "en",
    "updated": 0
  },
  {
    "id": "e743230a-0753-4c6b-8701-c92d09b1ea17",
    "data": [
      {
        "text": "I want ",
        "userDefined": false
      },
      {
        "text": "Raspberry",
        "meta": "@IceCream_Flavor",
        "alias": "IceCream_Flavor",
        "userDefined": true
      }
    ],
    "isTemplate": false,
    "count": 0,
    "lang": "en",
    "updated": 0
  }
]