[
  {
    "id": "1ce7730a-b826-4800-bd61-dbe303bf7c95",
    "data": [
      {
        "text": "i want ",
        "userDefined": false
      },
      {
        "text": "floats",
        "meta": "@IceCream_Shape",
        "alias": "icecream_shape",
        "userDefined": false
      }
    ],
    "isTemplate": false,
    "count": 0,
    "lang": "en",
    "updated": 0
  },
  {
    "id": "5f3177aa-5a17-4ff8-aaa2-d928c446a5b3",
    "data": [
      {
        "text": "Sundae",
        "meta": "@IceCream_Shape",
        "alias": "icecream_shape",
        "userDefined": false
      }
    ],
    "isTemplate": false,
    "count": 0,
    "lang": "en",
    "updated": 0
  },
  {
    "id": "2600985a-6380-455d-a49c-51a6f2089fd8",
    "data": [
      {
        "text": "Floats",
        "meta": "@IceCream_Shape",
        "alias": "icecream_shape",
        "userDefined": false
      }
    ],
    "isTemplate": false,
    "count": 0,
    "lang": "en",
    "updated": 0
  },
  {
    "id": "834fe389-6640-444f-ba4f-ac0138ffcefa",
    "data": [
      {
        "text": "Buckets",
        "meta": "@IceCream_Shape",
        "alias": "icecream_shape",
        "userDefined": false
      }
    ],
    "isTemplate": false,
    "count": 0,
    "lang": "en",
    "updated": 0
  },
  {
    "id": "2ab60394-0cc9-47bc-a202-903922390d92",
    "data": [
      {
        "text": "Cakes",
        "meta": "@IceCream_Shape",
        "alias": "icecream_shape",
        "userDefined": false
      }
    ],
    "isTemplate": false,
    "count": 0,
    "lang": "en",
    "updated": 0
  },
  {
    "id": "e0099f8d-eec7-42dd-8538-ffc20442392d",
    "data": [
      {
        "text": "ice Cream ",
        "userDefined": false
      },
      {
        "text": "Sticks",
        "meta": "@IceCream_Shape",
        "alias": "icecream_shape",
        "userDefined": false
      }
    ],
    "isTemplate": false,
    "count": 0,
    "lang": "en",
    "updated": 0
  },
  {
    "id": "d5433ad9-08a0-48b7-a52b-cd801c37c5cc",
    "data": [
      {
        "text": "i need ice Cream ",
        "userDefined": false
      },
      {
        "text": "Cones",
        "meta": "@IceCream_Shape",
        "alias": "icecream_shape",
        "userDefined": false
      }
    ],
    "isTemplate": false,
    "count": 0,
    "lang": "en",
    "updated": 0
  }
]