[
  {
    "value": "Hard Ice Creams",
    "synonyms": [
      "Hard Ice Creams"
    ]
  },
  {
    "value": "French Ice Cream",
    "synonyms": [
      "French Ice Cream"
    ]
  },
  {
    "value": "Light Ice Cream",
    "synonyms": [
      "Light Ice Cream"
    ]
  },
  {
    "value": "Organic Ice Cream",
    "synonyms": [
      "Organic Ice Cream"
    ]
  },
  {
    "value": "No Sugar Ice Cream",
    "synonyms": [
      "No Sugar Ice Cream"
    ]
  },
  {
    "value": "Soft Ice Cream",
    "synonyms": [
      "Soft Ice Cream"
    ]
  },
  {
    "value": "Lactose-Free Ice Cream",
    "synonyms": [
      "Lactose-Free Ice Cream"
    ]
  },
  {
    "value": "Gluten-Free Ice Cream",
    "synonyms": [
      "Gluten-Free Ice Cream"
    ]
  }
]