[
  {
    "value": "Raspberry",
    "synonyms": [
      "Raspberry"
    ]
  },
  {
    "value": "Coffee",
    "synonyms": [
      "Coffee"
    ]
  },
  {
    "value": "Caramel",
    "synonyms": [
      "Caramel"
    ]
  },
  {
    "value": "Bubble Gum",
    "synonyms": [
      "Bubble Gum"
    ]
  },
  {
    "value": "Cookies and Cream",
    "synonyms": [
      "Cookies and Cream"
    ]
  },
  {
    "value": "Mint and Lemon",
    "synonyms": [
      "Mint Ice Cream"
    ]
  },
  {
    "value": "Strawberry",
    "synonyms": [
      "Strawberry"
    ]
  },
  {
    "value": "Lemon",
    "synonyms": [
      "Lemon"
    ]
  },
  {
    "value": "Chocolate",
    "synonyms": [
      "Chocolate"
    ]
  },
  {
    "value": "Peppermint",
    "synonyms": [
      "Peppermint"
    ]
  }
]